<mxGraphModel><root><mxCell id="0"/><mxCell id="1" parent="0"/><mxCell id="2" style="entity" parent="1" vertex="1" connectable="0"><ErEntity name="Tým" as="value"><ErEntityGBHandler as="erGraphBehaviourHandler"/></ErEntity><mxGeometry x="479" y="359" width="100" height="40" as="geometry"/></mxCell><mxCell id="3" style="entity" parent="1" vertex="1" connectable="0"><ErEntity name="Turnaj" as="value"><ErEntityGBHandler as="erGraphBehaviourHandler"/></ErEntity><mxGeometry x="224" y="141" width="100" height="40" as="geometry"/></mxCell><mxCell id="4" style="entity" parent="1" vertex="1" connectable="0"><ErEntity name="Zápas" as="value"><ErEntityGBHandler as="erGraphBehaviourHandler"/></ErEntity><mxGeometry x="85" y="355" width="100" height="40" as="geometry"/></mxCell><mxCell id="5" style="entity" parent="1" vertex="1" connectable="0"><ErEntity name="Profesionál" as="value"><ErEntityGBHandler as="erGraphBehaviourHandler"/></ErEntity><mxGeometry x="566" y="554" width="100" height="40" as="geometry"/></mxCell><mxCell id="6" style="entity" parent="1" vertex="1" connectable="0"><ErEntity name="Kolo" as="value"><ErEntityGBHandler as="erGraphBehaviourHandler"/></ErEntity><mxGeometry x="114" y="598" width="100" height="40" as="geometry"/></mxCell><mxCell id="8" style="entity" parent="1" vertex="1" connectable="0"><ErEntity name="Cena" as="value"><ErEntityGBHandler as="erGraphBehaviourHandler"/></ErEntity><mxGeometry x="612" y="129" width="100" height="40" as="geometry"/></mxCell><mxCell id="9" style="entity" parent="1" vertex="1" connectable="0"><ErEntity name="Hráč" as="value"><ErEntityGBHandler as="erGraphBehaviourHandler"/></ErEntity><mxGeometry x="436" y="668" width="100" height="40" as="geometry"/></mxCell><mxCell id="10" style="entity" parent="1" vertex="1" connectable="0"><ErEntity name="Trenér" as="value"><ErEntityGBHandler as="erGraphBehaviourHandler"/></ErEntity><mxGeometry x="695" y="664" width="100" height="40" as="geometry"/></mxCell><mxCell id="11" style="hierarchy" parent="1" vertex="1" connectable="0"><ErHierarchy coverage="Complete" disjointness="Exclusive" as="value"><ErHierarchyGBHandler as="erGraphBehaviourHandler"/></ErHierarchy><mxGeometry x="611" y="636" width="10" height="10" as="geometry"/></mxCell><mxCell id="12" style="generalization" parent="1" source="11" target="5" edge="1"><ErGeneralizationConnector as="value"><ErGeneralizationConnectorGBHandler as="erGraphBehaviourHandler"/></ErGeneralizationConnector><mxGeometry relative="1" as="geometry"/></mxCell><mxCell id="13" style="specialization" parent="1" source="11" target="9" edge="1"><ErSpecializationConnector as="value"><ErSpecializationConnectorGBHandler as="erGraphBehaviourHandler"/></ErSpecializationConnector><mxGeometry relative="1" as="geometry"><Array as="points"><mxPoint x="525" y="641"/></Array></mxGeometry></mxCell><mxCell id="14" style="specialization" parent="1" source="11" target="10" edge="1"><ErSpecializationConnector as="value"><ErSpecializationConnectorGBHandler as="erGraphBehaviourHandler"/></ErSpecializationConnector><mxGeometry relative="1" as="geometry"><Array as="points"><mxPoint x="703" y="641"/></Array></mxGeometry></mxCell><mxCell id="15" style="relationship" parent="1" vertex="1"><ErRelationship name="je udělena v" as="value"><ErRelationshipGBHandler as="erGraphBehaviourHandler"/></ErRelationship><mxGeometry x="420" y="134" width="100" height="50" as="geometry"/></mxCell><mxCell id="16" style="relationshipConnector" parent="1" source="15" target="3" edge="1"><ErRelationshipConnector cardinalityMin="1" cardinalityMax="N" as="value"><ErRelationshipConnectorGBHandler as="erGraphBehaviourHandler"/></ErRelationshipConnector><mxGeometry relative="1" as="geometry"/></mxCell><mxCell id="17" style="relationshipConnector" parent="1" source="15" target="8" edge="1"><ErRelationshipConnector cardinalityMin="1" cardinalityMax="1" as="value"><ErRelationshipConnectorGBHandler as="erGraphBehaviourHandler"/></ErRelationshipConnector><mxGeometry relative="1" as="geometry"/></mxCell><mxCell id="18" style="attribute;attributeLabelTop" parent="1" vertex="1" connectable="0"><ErAttribute name="název" as="value"><ErAttributeGBHandler as="erGraphBehaviourHandler"/></ErAttribute><mxGeometry x="690" y="84" width="13" height="13" as="geometry"/></mxCell><mxCell id="19" style="attributeConnector" parent="1" source="18" target="8" edge="1"><ErAttributeConnector as="value"><ErAttributeConnectorGBHandler as="erGraphBehaviourHandler"/></ErAttributeConnector><mxGeometry relative="1" as="geometry"/></mxCell><mxCell id="22" style="relationship" parent="1" vertex="1"><ErRelationship name="je získána" as="value"><ErRelationshipGBHandler as="erGraphBehaviourHandler"/></ErRelationship><mxGeometry x="568" y="217" width="100" height="50" as="geometry"/></mxCell><mxCell id="23" style="relationshipConnector" parent="1" source="22" target="8" edge="1"><ErRelationshipConnector cardinalityMin="1" cardinalityMax="1" as="value"><ErRelationshipConnectorGBHandler as="erGraphBehaviourHandler"/></ErRelationshipConnector><mxGeometry relative="1" as="geometry"/></mxCell><mxCell id="24" style="relationshipConnector" parent="1" source="22" target="2" edge="1"><ErRelationshipConnector cardinalityMin="0" cardinalityMax="1" as="value"><ErRelationshipConnectorGBHandler as="erGraphBehaviourHandler"/></ErRelationshipConnector><mxGeometry relative="1" as="geometry"><Array as="points"><mxPoint x="618" y="313"/><mxPoint x="543" y="313"/></Array></mxGeometry></mxCell><mxCell id="41" style="attribute;attributeIdentifier;attributeLabelBottom" parent="1" vertex="1" connectable="0"><ErAttribute name="název" simpleIdentifier="1" as="value"><ErAttributeGBHandler as="erGraphBehaviourHandler"/></ErAttribute><mxGeometry x="153" y="168" width="13" height="13" as="geometry"/></mxCell><mxCell id="42" style="attributeConnector" parent="1" source="41" target="3" edge="1"><ErAttributeConnector as="value"><ErAttributeConnectorGBHandler as="erGraphBehaviourHandler"/></ErAttributeConnector><mxGeometry relative="1" as="geometry"/></mxCell><mxCell id="43" style="attribute;attributeLabelTop" parent="1" vertex="1" connectable="0"><ErAttribute name="datum konání (dd.mm.rrrr)" as="value"><ErAttributeGBHandler as="erGraphBehaviourHandler"/></ErAttribute><mxGeometry x="214" y="72.7" width="13" height="13" as="geometry"/></mxCell><mxCell id="44" style="attributeConnector" parent="1" source="43" target="3" edge="1"><ErAttributeConnector as="value"><ErAttributeConnectorGBHandler as="erGraphBehaviourHandler"/></ErAttributeConnector><mxGeometry relative="1" as="geometry"/></mxCell><mxCell id="45" style="attribute;attributeLabelTop" parent="1" vertex="1" connectable="0"><ErAttribute name="místo konání" compositeAttribute="1" compositeAttributeRoot="1" as="value"><ErAttributeGBHandler as="erGraphBehaviourHandler"/></ErAttribute><mxGeometry x="179" y="107.12" width="13" height="13" as="geometry"/></mxCell><mxCell id="46" style="attributeConnector" parent="1" source="45" target="3" edge="1"><ErAttributeConnector as="value"><ErAttributeConnectorGBHandler as="erGraphBehaviourHandler"/></ErAttributeConnector><mxGeometry relative="1" as="geometry"/></mxCell><mxCell id="47" style="attribute;attributeLabelTop" parent="1" vertex="1" connectable="0"><ErAttribute name="organizátor" multivalued="1" cardinalityMin="1" cardinalityMax="N" as="value"><ErAttributeGBHandler as="erGraphBehaviourHandler"/></ErAttribute><mxGeometry x="314" y="94.27" width="13" height="13" as="geometry"/></mxCell><mxCell id="48" style="attributeConnector" parent="1" source="47" target="3" edge="1"><ErAttributeConnector as="value"><ErAttributeConnectorGBHandler as="erGraphBehaviourHandler"/></ErAttributeConnector><mxGeometry relative="1" as="geometry"/></mxCell><mxCell id="60" style="relationship" parent="1" vertex="1"><ErRelationship name="je součástí" as="value"><ErRelationshipGBHandler as="erGraphBehaviourHandler"/></ErRelationship><mxGeometry x="179" y="234" width="100" height="50" as="geometry"/></mxCell><mxCell id="61" style="relationshipConnector" parent="1" source="60" target="3" edge="1"><ErRelationshipConnector cardinalityMin="1" cardinalityMax="N" as="value"><ErRelationshipConnectorGBHandler as="erGraphBehaviourHandler"/></ErRelationshipConnector><mxGeometry relative="1" as="geometry"><Array as="points"><mxPoint x="229" y="208"/><mxPoint x="237" y="208"/></Array></mxGeometry></mxCell><mxCell id="62" style="relationshipConnector" parent="1" source="60" target="4" edge="1"><ErRelationshipConnector cardinalityMin="1" cardinalityMax="1" as="value"><ErRelationshipConnectorGBHandler as="erGraphBehaviourHandler"/></ErRelationshipConnector><mxGeometry relative="1" as="geometry"/></mxCell><mxCell id="65" style="attribute;attributeLabelTop" parent="1" vertex="1" connectable="0"><ErAttribute name="datum konání (dd.mm.rrrr)" as="value"><ErAttributeGBHandler as="erGraphBehaviourHandler"/></ErAttribute><mxGeometry x="54.5" y="298" width="13" height="13" as="geometry"/></mxCell><mxCell id="66" style="attributeConnector" parent="1" source="65" target="4" edge="1"><ErAttributeConnector as="value"><ErAttributeConnectorGBHandler as="erGraphBehaviourHandler"/></ErAttributeConnector><mxGeometry relative="1" as="geometry"/></mxCell><mxCell id="67" style="attribute;attributeLabelTop" parent="1" vertex="1" connectable="0"><ErAttribute name="mapa" as="value"><ErAttributeGBHandler as="erGraphBehaviourHandler"/></ErAttribute><mxGeometry x="11" y="329" width="13" height="13" as="geometry"/></mxCell><mxCell id="68" style="attributeConnector" parent="1" source="67" target="4" edge="1"><ErAttributeConnector as="value"><ErAttributeConnectorGBHandler as="erGraphBehaviourHandler"/></ErAttributeConnector><mxGeometry relative="1" as="geometry"/></mxCell><mxCell id="69" style="attribute;attributeLabelTop" parent="1" vertex="1" connectable="0"><ErAttribute name="tým A" as="value"><ErAttributeGBHandler as="erGraphBehaviourHandler"/></ErAttribute><mxGeometry x="6" y="364.6" width="13" height="13" as="geometry"/></mxCell><mxCell id="70" style="attributeConnector" parent="1" source="69" target="4" edge="1"><ErAttributeConnector as="value"><ErAttributeConnectorGBHandler as="erGraphBehaviourHandler"/></ErAttributeConnector><mxGeometry relative="1" as="geometry"/></mxCell><mxCell id="71" style="attribute;attributeLabelBottom" parent="1" vertex="1" connectable="0"><ErAttribute name="tým B" as="value"><ErAttributeGBHandler as="erGraphBehaviourHandler"/></ErAttribute><mxGeometry x="11" y="392" width="13" height="13" as="geometry"/></mxCell><mxCell id="72" style="attributeConnector" parent="1" source="71" target="4" edge="1"><ErAttributeConnector as="value"><ErAttributeConnectorGBHandler as="erGraphBehaviourHandler"/></ErAttributeConnector><mxGeometry relative="1" as="geometry"/></mxCell><mxCell id="73" style="attribute;attributeLabelBottom" parent="1" vertex="1" connectable="0"><ErAttribute name="vítězný tým" as="value"><ErAttributeGBHandler as="erGraphBehaviourHandler"/></ErAttribute><mxGeometry x="11" y="432" width="13" height="13" as="geometry"/></mxCell><mxCell id="74" style="attributeConnector" parent="1" source="73" target="4" edge="1"><ErAttributeConnector as="value"><ErAttributeConnectorGBHandler as="erGraphBehaviourHandler"/></ErAttributeConnector><mxGeometry relative="1" as="geometry"/></mxCell><mxCell id="75" style="attribute;attributeLabelBottom" parent="1" vertex="1" connectable="0"><ErAttribute name="délka (minuty)" as="value"><ErAttributeGBHandler as="erGraphBehaviourHandler"/></ErAttribute><mxGeometry x="59" y="459.5" width="13" height="13" as="geometry"/></mxCell><mxCell id="76" style="attributeConnector" parent="1" source="75" target="4" edge="1"><ErAttributeConnector as="value"><ErAttributeConnectorGBHandler as="erGraphBehaviourHandler"/></ErAttributeConnector><mxGeometry relative="1" as="geometry"/></mxCell><mxCell id="79" style="compositeIdentifier" parent="1" vertex="1" connectable="0"><ErCompositeIdentifier as="value"><ErCompositeIdentifierGBHandler as="erGraphBehaviourHandler"/></ErCompositeIdentifier><mxGeometry as="geometry"><mxPoint x="61" y="404.8" as="sourcePoint"/><mxPoint x="103.81301706525149" y="331" as="targetPoint"/><Array as="points"><mxPoint x="61" y="389.8"/><mxPoint x="61" y="372.58235886499136"/><mxPoint x="61" y="355"/><mxPoint x="61" y="350.0868670902588"/><mxPoint x="61" y="331"/><mxPoint x="85" y="331"/><mxPoint x="88.81301706525149" y="331"/></Array></mxGeometry></mxCell><mxCell id="80" parent="1" source="79" target="4" edge="1" visible="0"><ErCompositeIdentifierConnector as="value"><ErCompositeIdentifierConnectorGBHandler as="erGraphBehaviourHandler"/></ErCompositeIdentifierConnector><mxGeometry relative="1" as="geometry"/></mxCell><mxCell id="81" parent="1" source="79" target="66" edge="1" visible="0"><ErCompositeIdentifierMember as="value"><ErCompositeIdentifierMemberGBHandler as="erGraphBehaviourHandler"/></ErCompositeIdentifierMember><mxGeometry relative="1" as="geometry"/></mxCell><mxCell id="82" style="intersectionPoint" parent="1" vertex="1" connectable="0"><ErCompositeIdentifierIntersectionPoint as="value"><ErCompositeIdentifierIPointGBHandler as="erGraphBehaviourHandler"/></ErCompositeIdentifierIntersectionPoint><mxGeometry x="86.81301706525149" y="329" width="4" height="4" as="geometry"/></mxCell><mxCell id="83" parent="1" source="79" target="82" edge="1" visible="0"><ErCompositeIdentifierIntersectionPointConnector as="value"><ErCompositeIdentifierIPointConnectorGBHandler as="erGraphBehaviourHandler"/></ErCompositeIdentifierIntersectionPointConnector><mxGeometry relative="1" as="geometry"/></mxCell><mxCell id="84" parent="1" source="79" target="68" edge="1" visible="0"><ErCompositeIdentifierMember as="value"><ErCompositeIdentifierMemberGBHandler as="erGraphBehaviourHandler"/></ErCompositeIdentifierMember><mxGeometry relative="1" as="geometry"/></mxCell><mxCell id="85" style="intersectionPoint" parent="1" vertex="1" connectable="0"><ErCompositeIdentifierIntersectionPoint as="value"><ErCompositeIdentifierIPointGBHandler as="erGraphBehaviourHandler"/></ErCompositeIdentifierIntersectionPoint><mxGeometry x="59" y="348.0868670902588" width="4" height="4" as="geometry"/></mxCell><mxCell id="86" parent="1" source="79" target="85" edge="1" visible="0"><ErCompositeIdentifierIntersectionPointConnector as="value"><ErCompositeIdentifierIPointConnectorGBHandler as="erGraphBehaviourHandler"/></ErCompositeIdentifierIntersectionPointConnector><mxGeometry relative="1" as="geometry"/></mxCell><mxCell id="87" parent="1" source="79" target="70" edge="1" visible="0"><ErCompositeIdentifierMember as="value"><ErCompositeIdentifierMemberGBHandler as="erGraphBehaviourHandler"/></ErCompositeIdentifierMember><mxGeometry relative="1" as="geometry"/></mxCell><mxCell id="88" style="intersectionPoint" parent="1" vertex="1" connectable="0"><ErCompositeIdentifierIntersectionPoint as="value"><ErCompositeIdentifierIPointGBHandler as="erGraphBehaviourHandler"/></ErCompositeIdentifierIntersectionPoint><mxGeometry x="59" y="370.58235886499136" width="4" height="4" as="geometry"/></mxCell><mxCell id="89" parent="1" source="79" target="88" edge="1" visible="0"><ErCompositeIdentifierIntersectionPointConnector as="value"><ErCompositeIdentifierIPointConnectorGBHandler as="erGraphBehaviourHandler"/></ErCompositeIdentifierIntersectionPointConnector><mxGeometry relative="1" as="geometry"/></mxCell><mxCell id="90" parent="1" source="79" target="72" edge="1" visible="0"><ErCompositeIdentifierMember as="value"><ErCompositeIdentifierMemberGBHandler as="erGraphBehaviourHandler"/></ErCompositeIdentifierMember><mxGeometry relative="1" as="geometry"/></mxCell><mxCell id="91" style="intersectionPoint" parent="1" vertex="1" connectable="0"><ErCompositeIdentifierIntersectionPoint as="value"><ErCompositeIdentifierIPointGBHandler as="erGraphBehaviourHandler"/></ErCompositeIdentifierIntersectionPoint><mxGeometry x="59" y="387.8" width="4" height="4" as="geometry"/></mxCell><mxCell id="92" parent="1" source="79" target="91" edge="1" visible="0"><ErCompositeIdentifierIntersectionPointConnector as="value"><ErCompositeIdentifierIPointConnectorGBHandler as="erGraphBehaviourHandler"/></ErCompositeIdentifierIntersectionPointConnector><mxGeometry relative="1" as="geometry"/></mxCell><mxCell id="93" style="relationship" parent="1" vertex="1"><ErRelationship name="má" as="value"><ErRelationshipGBHandler as="erGraphBehaviourHandler"/></ErRelationship><mxGeometry x="160" y="465" width="100" height="50" as="geometry"/></mxCell><mxCell id="94" style="relationshipConnector" parent="1" source="93" target="4" edge="1"><ErRelationshipConnector cardinalityMin="1" cardinalityMax="N" as="value"><ErRelationshipConnectorGBHandler as="erGraphBehaviourHandler"/></ErRelationshipConnector><mxGeometry relative="1" as="geometry"/></mxCell><mxCell id="95" style="relationshipConnector" parent="1" source="93" target="6" edge="1"><ErRelationshipConnector cardinalityMin="1" cardinalityMax="1" as="value"><ErRelationshipConnectorGBHandler as="erGraphBehaviourHandler"/></ErRelationshipConnector><mxGeometry relative="1" as="geometry"/></mxCell><mxCell id="96" style="attribute;attributeLabelTop" parent="1" vertex="1" connectable="0"><ErAttribute name="číslo" as="value"><ErAttributeGBHandler as="erGraphBehaviourHandler"/></ErAttribute><mxGeometry x="59" y="592" width="13" height="13" as="geometry"/></mxCell><mxCell id="97" style="attributeConnector" parent="1" source="96" target="6" edge="1"><ErAttributeConnector as="value"><ErAttributeConnectorGBHandler as="erGraphBehaviourHandler"/></ErAttributeConnector><mxGeometry relative="1" as="geometry"/></mxCell><mxCell id="106" style="compositeIdentifier" parent="1" vertex="1" connectable="0"><ErCompositeIdentifier as="value"><ErCompositeIdentifierGBHandler as="erGraphBehaviourHandler"/></ErCompositeIdentifier><mxGeometry as="geometry"><mxPoint x="90" y="618.2965188636435" as="sourcePoint"/><mxPoint x="179" y="574" as="targetPoint"/><Array as="points"><mxPoint x="90" y="603.2965188636435"/><mxPoint x="90" y="598"/><mxPoint x="90" y="574"/><mxPoint x="114" y="574"/><mxPoint x="164" y="574"/></Array></mxGeometry></mxCell><mxCell id="107" parent="1" source="106" target="6" edge="1" visible="0"><ErCompositeIdentifierConnector as="value"><ErCompositeIdentifierConnectorGBHandler as="erGraphBehaviourHandler"/></ErCompositeIdentifierConnector><mxGeometry relative="1" as="geometry"/></mxCell><mxCell id="108" parent="1" source="106" target="97" edge="1" visible="0"><ErCompositeIdentifierMember as="value"><ErCompositeIdentifierMemberGBHandler as="erGraphBehaviourHandler"/></ErCompositeIdentifierMember><mxGeometry relative="1" as="geometry"/></mxCell><mxCell id="109" style="intersectionPoint" parent="1" vertex="1" connectable="0"><ErCompositeIdentifierIntersectionPoint as="value"><ErCompositeIdentifierIPointGBHandler as="erGraphBehaviourHandler"/></ErCompositeIdentifierIntersectionPoint><mxGeometry x="88" y="601.2965188636435" width="4" height="4" as="geometry"/></mxCell><mxCell id="110" parent="1" source="106" target="109" edge="1" visible="0"><ErCompositeIdentifierIntersectionPointConnector as="value"><ErCompositeIdentifierIPointConnectorGBHandler as="erGraphBehaviourHandler"/></ErCompositeIdentifierIntersectionPointConnector><mxGeometry relative="1" as="geometry"/></mxCell><mxCell id="111" parent="1" source="106" target="95" edge="1" visible="0"><ErCompositeIdentifierMember as="value"><ErCompositeIdentifierMemberGBHandler as="erGraphBehaviourHandler"/></ErCompositeIdentifierMember><mxGeometry relative="1" as="geometry"/></mxCell><mxCell id="112" style="intersectionPoint" parent="1" vertex="1" connectable="0"><ErCompositeIdentifierIntersectionPoint as="value"><ErCompositeIdentifierIPointGBHandler as="erGraphBehaviourHandler"/></ErCompositeIdentifierIntersectionPoint><mxGeometry x="162" y="572" width="4" height="4" as="geometry"/></mxCell><mxCell id="113" parent="1" source="106" target="112" edge="1" visible="0"><ErCompositeIdentifierIntersectionPointConnector as="value"><ErCompositeIdentifierIPointConnectorGBHandler as="erGraphBehaviourHandler"/></ErCompositeIdentifierIntersectionPointConnector><mxGeometry relative="1" as="geometry"/></mxCell><mxCell id="116" style="attribute;attributeLabelBottom" parent="1" vertex="1" connectable="0"><ErAttribute name="vítězný tým" as="value"><ErAttributeGBHandler as="erGraphBehaviourHandler"/></ErAttribute><mxGeometry x="50" y="638" width="13" height="13" as="geometry"/></mxCell><mxCell id="117" style="attributeConnector" parent="1" source="116" target="6" edge="1"><ErAttributeConnector as="value"><ErAttributeConnectorGBHandler as="erGraphBehaviourHandler"/></ErAttributeConnector><mxGeometry relative="1" as="geometry"/></mxCell><mxCell id="118" style="attribute;attributeLabelBottom" parent="1" vertex="1" connectable="0"><ErAttribute name="délka" compositeAttribute="1" compositeAttributeRoot="1" as="value"><ErAttributeGBHandler as="erGraphBehaviourHandler"/></ErAttribute><mxGeometry x="98" y="685" width="13" height="13" as="geometry"/></mxCell><mxCell id="119" style="attributeConnector" parent="1" source="118" target="6" edge="1"><ErAttributeConnector as="value"><ErAttributeConnectorGBHandler as="erGraphBehaviourHandler"/></ErAttributeConnector><mxGeometry relative="1" as="geometry"/></mxCell><mxCell id="120" style="attribute;attributeLabelBottom" parent="1" vertex="1" connectable="0"><ErAttribute name="minuty" compositeAttribute="1" compositeAttributeMember="1" as="value"><ErAttributeGBHandler as="erGraphBehaviourHandler"/></ErAttribute><mxGeometry x="27" y="695" width="13" height="13" as="geometry"/></mxCell><mxCell id="121" style="attributeConnector" parent="1" source="120" target="118" edge="1"><ErAttributeConnector as="value"><ErAttributeConnectorGBHandler as="erGraphBehaviourHandler"/></ErAttributeConnector><mxGeometry relative="1" as="geometry"/></mxCell><mxCell id="122" style="attribute;attributeLabelBottom" parent="1" vertex="1" connectable="0"><ErAttribute name="sekundy" compositeAttribute="1" compositeAttributeMember="1" as="value"><ErAttributeGBHandler as="erGraphBehaviourHandler"/></ErAttribute><mxGeometry x="50" y="733" width="13" height="13" as="geometry"/></mxCell><mxCell id="123" style="attributeConnector" parent="1" source="122" target="118" edge="1"><ErAttributeConnector as="value"><ErAttributeConnectorGBHandler as="erGraphBehaviourHandler"/></ErAttributeConnector><mxGeometry relative="1" as="geometry"/></mxCell><mxCell id="124" style="relationship" parent="1" vertex="1"><ErRelationship name="se účastní" as="value"><ErRelationshipGBHandler as="erGraphBehaviourHandler"/></ErRelationship><mxGeometry x="398" y="228" width="100" height="50" as="geometry"/></mxCell><mxCell id="125" style="relationshipConnector" parent="1" source="124" target="2" edge="1"><ErRelationshipConnector cardinalityMin="0" cardinalityMax="N" as="value"><ErRelationshipConnectorGBHandler as="erGraphBehaviourHandler"/></ErRelationshipConnector><mxGeometry relative="1" as="geometry"><Array as="points"><mxPoint x="448" y="319"/><mxPoint x="498" y="319"/></Array></mxGeometry></mxCell><mxCell id="126" style="relationshipConnector" parent="1" source="124" target="3" edge="1"><ErRelationshipConnector cardinalityMin="1" cardinalityMax="N" as="value"><ErRelationshipConnectorGBHandler as="erGraphBehaviourHandler"/></ErRelationshipConnector><mxGeometry relative="1" as="geometry"><Array as="points"><mxPoint x="320" y="253"/></Array></mxGeometry></mxCell><mxCell id="127" style="relationship" parent="1" vertex="1"><ErRelationship name="soupeří v" as="value"><ErRelationshipGBHandler as="erGraphBehaviourHandler"/></ErRelationship><mxGeometry x="282" y="352" width="100" height="50" as="geometry"/></mxCell><mxCell id="128" style="relationshipConnector" parent="1" source="127" target="2" edge="1"><ErRelationshipConnector cardinalityMin="0" cardinalityMax="N" as="value"><ErRelationshipConnectorGBHandler as="erGraphBehaviourHandler"/></ErRelationshipConnector><mxGeometry relative="1" as="geometry"/></mxCell><mxCell id="129" style="relationshipConnector" parent="1" source="127" target="4" edge="1"><ErRelationshipConnector cardinalityMin="1" cardinalityMax="N" as="value"><ErRelationshipConnectorGBHandler as="erGraphBehaviourHandler"/></ErRelationshipConnector><mxGeometry relative="1" as="geometry"/></mxCell><mxCell id="130" style="attribute;attributeLabelBottom" parent="1" vertex="1" connectable="0"><ErAttribute name="nejlepší hráč" as="value"><ErAttributeGBHandler as="erGraphBehaviourHandler"/></ErAttribute><mxGeometry x="135" y="740" width="13" height="13" as="geometry"/></mxCell><mxCell id="131" style="attributeConnector" parent="1" source="130" target="6" edge="1"><ErAttributeConnector as="value"><ErAttributeConnectorGBHandler as="erGraphBehaviourHandler"/></ErAttributeConnector><mxGeometry relative="1" as="geometry"/></mxCell><mxCell id="132" style="relationship" parent="1" vertex="1"><ErRelationship name="hraje" as="value"><ErRelationshipGBHandler as="erGraphBehaviourHandler"/></ErRelationship><mxGeometry x="260" y="629" width="100" height="50" as="geometry"/></mxCell><mxCell id="133" style="relationshipConnector" parent="1" source="132" target="6" edge="1"><ErRelationshipConnector cardinalityMin="1" cardinalityMax="N" as="value"><ErRelationshipConnectorGBHandler as="erGraphBehaviourHandler"/></ErRelationshipConnector><mxGeometry relative="1" as="geometry"/></mxCell><mxCell id="134" style="relationshipConnector" parent="1" source="132" target="9" edge="1"><ErRelationshipConnector cardinalityMin="0" cardinalityMax="N" as="value"><ErRelationshipConnectorGBHandler as="erGraphBehaviourHandler"/></ErRelationshipConnector><mxGeometry relative="1" as="geometry"><Array as="points"><mxPoint x="398" y="654"/><mxPoint x="398" y="697"/></Array></mxGeometry></mxCell><mxCell id="135" style="relationship" parent="1" vertex="1"><ErRelationship name="se skládá" as="value"><ErRelationshipGBHandler as="erGraphBehaviourHandler"/></ErRelationship><mxGeometry x="491" y="454" width="100" height="50" as="geometry"/></mxCell><mxCell id="136" style="relationshipConnector" parent="1" source="135" target="2" edge="1"><ErRelationshipConnector cardinalityMin="1" cardinalityMax="N" as="value"><ErRelationshipConnectorGBHandler as="erGraphBehaviourHandler"/></ErRelationshipConnector><mxGeometry relative="1" as="geometry"><Array as="points"><mxPoint x="541" y="429"/><mxPoint x="490" y="429"/></Array></mxGeometry></mxCell><mxCell id="137" style="relationshipConnector" parent="1" source="135" target="5" edge="1"><ErRelationshipConnector cardinalityMin="1" cardinalityMax="1" as="value"><ErRelationshipConnectorGBHandler as="erGraphBehaviourHandler"/></ErRelationshipConnector><mxGeometry relative="1" as="geometry"/></mxCell><mxCell id="138" style="relationship" parent="1" vertex="1"><ErRelationship name="koučuje" as="value"><ErRelationshipGBHandler as="erGraphBehaviourHandler"/></ErRelationship><mxGeometry x="566" y="740" width="100" height="50" as="geometry"/></mxCell><mxCell id="139" style="relationshipConnector" parent="1" source="138" target="10" edge="1"><ErRelationshipConnector cardinalityMin="1" cardinalityMax="N" as="value"><ErRelationshipConnectorGBHandler as="erGraphBehaviourHandler"/></ErRelationshipConnector><mxGeometry relative="1" as="geometry"><Array as="points"><mxPoint x="706" y="765"/></Array></mxGeometry></mxCell><mxCell id="140" style="relationshipConnector" parent="1" source="138" target="9" edge="1"><ErRelationshipConnector cardinalityMin="1" cardinalityMax="1" as="value"><ErRelationshipConnectorGBHandler as="erGraphBehaviourHandler"/></ErRelationshipConnector><mxGeometry relative="1" as="geometry"><Array as="points"><mxPoint x="521" y="765"/></Array></mxGeometry></mxCell><mxCell id="145" style="relationship" parent="1" vertex="1"><ErRelationship name="je spoluhráčem" as="value"><ErRelationshipGBHandler as="erGraphBehaviourHandler"/></ErRelationship><mxGeometry x="291" y="750" width="100" height="50" as="geometry"/></mxCell><mxCell id="146" style="relationshipConnector" parent="1" source="145" target="9" edge="1"><ErRelationshipConnector cardinalityMin="1" cardinalityMax="N" as="value"><ErRelationshipConnectorGBHandler as="erGraphBehaviourHandler"/></ErRelationshipConnector><mxGeometry relative="1" as="geometry"><Array as="points"><mxPoint x="490" y="775"/></Array></mxGeometry></mxCell><mxCell id="147" style="relationshipConnector" parent="1" source="145" target="9" edge="1"><ErRelationshipConnector cardinalityMin="1" cardinalityMax="N" as="value"><ErRelationshipConnectorGBHandler as="erGraphBehaviourHandler"/></ErRelationshipConnector><mxGeometry relative="1" as="geometry"><Array as="points"><mxPoint x="341" y="729"/><mxPoint x="414" y="729"/><mxPoint x="414" y="727"/><mxPoint x="448" y="727"/></Array></mxGeometry></mxCell><mxCell id="148" style="attribute;attributeIdentifier;attributeLabelTop" parent="1" vertex="1" connectable="0"><ErAttribute name="název" simpleIdentifier="1" as="value"><ErAttributeGBHandler as="erGraphBehaviourHandler"/></ErAttribute><mxGeometry x="623.36" y="335.08" width="13" height="13" as="geometry"/></mxCell><mxCell id="149" style="attributeConnector" parent="1" source="148" target="2" edge="1"><ErAttributeConnector as="value"><ErAttributeConnectorGBHandler as="erGraphBehaviourHandler"/></ErAttributeConnector><mxGeometry relative="1" as="geometry"/></mxCell><mxCell id="150" style="attribute;attributeLabelTop" parent="1" vertex="1" connectable="0"><ErAttribute name="země původu" as="value"><ErAttributeGBHandler as="erGraphBehaviourHandler"/></ErAttribute><mxGeometry x="653" y="370.63" width="13" height="13" as="geometry"/></mxCell><mxCell id="151" style="attributeConnector" parent="1" source="150" target="2" edge="1"><ErAttributeConnector as="value"><ErAttributeConnectorGBHandler as="erGraphBehaviourHandler"/></ErAttributeConnector><mxGeometry relative="1" as="geometry"/></mxCell><mxCell id="152" style="attribute;attributeLabelBottom" parent="1" vertex="1" connectable="0"><ErAttribute name="hodnocení" as="value"><ErAttributeGBHandler as="erGraphBehaviourHandler"/></ErAttribute><mxGeometry x="655.51" y="436" width="13" height="13" as="geometry"/></mxCell><mxCell id="153" style="attributeConnector" parent="1" source="152" target="2" edge="1"><ErAttributeConnector as="value"><ErAttributeConnectorGBHandler as="erGraphBehaviourHandler"/></ErAttributeConnector><mxGeometry relative="1" as="geometry"/></mxCell><mxCell id="154" style="attribute;attributeLabelBottom" parent="1" vertex="1" connectable="0"><ErAttribute name="datum vzniku (dd.mm.rrrr)" as="value"><ErAttributeGBHandler as="erGraphBehaviourHandler"/></ErAttribute><mxGeometry x="679" y="391.83" width="13" height="13" as="geometry"/></mxCell><mxCell id="155" style="attributeConnector" parent="1" source="154" target="2" edge="1"><ErAttributeConnector as="value"><ErAttributeConnectorGBHandler as="erGraphBehaviourHandler"/></ErAttributeConnector><mxGeometry relative="1" as="geometry"/></mxCell><mxCell id="156" style="attribute;attributeLabelTop" parent="1" vertex="1" connectable="0"><ErAttribute name="jméno" as="value"><ErAttributeGBHandler as="erGraphBehaviourHandler"/></ErAttribute><mxGeometry x="738.5" y="554" width="13" height="13" as="geometry"/></mxCell><mxCell id="157" style="attributeConnector" parent="1" source="156" target="5" edge="1"><ErAttributeConnector as="value"><ErAttributeConnectorGBHandler as="erGraphBehaviourHandler"/></ErAttributeConnector><mxGeometry relative="1" as="geometry"/></mxCell><mxCell id="158" style="attribute;attributeLabelBottom" parent="1" vertex="1" connectable="0"><ErAttribute name="přezdívka ve hře" as="value"><ErAttributeGBHandler as="erGraphBehaviourHandler"/></ErAttribute><mxGeometry x="738.5" y="576" width="13" height="13" as="geometry"/></mxCell><mxCell id="159" style="attributeConnector" parent="1" source="158" target="5" edge="1"><ErAttributeConnector as="value"><ErAttributeConnectorGBHandler as="erGraphBehaviourHandler"/></ErAttributeConnector><mxGeometry relative="1" as="geometry"/></mxCell><mxCell id="160" style="attribute;attributeLabelTop" parent="1" vertex="1" connectable="0"><ErAttribute name="datum narození (dd.mm.rrrr)" as="value"><ErAttributeGBHandler as="erGraphBehaviourHandler"/></ErAttribute><mxGeometry x="666" y="499" width="13" height="13" as="geometry"/></mxCell><mxCell id="161" style="attributeConnector" parent="1" source="160" target="5" edge="1"><ErAttributeConnector as="value"><ErAttributeConnectorGBHandler as="erGraphBehaviourHandler"/></ErAttributeConnector><mxGeometry relative="1" as="geometry"/></mxCell><mxCell id="171" style="attribute;attributeLabelTop" parent="1" vertex="1" connectable="0"><ErAttribute name="země původu" as="value"><ErAttributeGBHandler as="erGraphBehaviourHandler"/></ErAttribute><mxGeometry x="721" y="518.9999999999998" width="13" height="13" as="geometry"/></mxCell><mxCell id="172" style="attributeConnector" parent="1" source="171" target="5" edge="1"><ErAttributeConnector as="value"><ErAttributeConnectorGBHandler as="erGraphBehaviourHandler"/></ErAttributeConnector><mxGeometry relative="1" as="geometry"/></mxCell><mxCell id="184" style="attribute;attributeLabelTop" parent="1" vertex="1" connectable="0"><ErAttribute name="hodnocení" as="value"><ErAttributeGBHandler as="erGraphBehaviourHandler"/></ErAttribute><mxGeometry x="411" y="629" width="13" height="13" as="geometry"/></mxCell><mxCell id="185" style="attributeConnector" parent="1" source="184" target="9" edge="1"><ErAttributeConnector as="value"><ErAttributeConnectorGBHandler as="erGraphBehaviourHandler"/></ErAttributeConnector><mxGeometry relative="1" as="geometry"/></mxCell><mxCell id="188" style="attribute;attributeLabelTop" parent="1" vertex="1" connectable="0"><ErAttribute name="specializace" multivalued="1" cardinalityMin="1" cardinalityMax="N" as="value"><ErAttributeGBHandler as="erGraphBehaviourHandler"/></ErAttribute><mxGeometry x="784" y="633" width="13" height="13" as="geometry"/></mxCell><mxCell id="189" style="attributeConnector" parent="1" source="188" target="10" edge="1"><ErAttributeConnector as="value"><ErAttributeConnectorGBHandler as="erGraphBehaviourHandler"/></ErAttributeConnector><mxGeometry relative="1" as="geometry"/></mxCell><mxCell id="190" style="attribute;attributeLabelBottom" parent="1" vertex="1" connectable="0"><ErAttribute name="členem od (rok)" as="value"><ErAttributeGBHandler as="erGraphBehaviourHandler"/></ErAttribute><mxGeometry x="495" y="574" width="13" height="13" as="geometry"/></mxCell><mxCell id="191" style="attributeConnector" parent="1" source="190" target="5" edge="1"><ErAttributeConnector as="value"><ErAttributeConnectorGBHandler as="erGraphBehaviourHandler"/></ErAttributeConnector><mxGeometry relative="1" as="geometry"/></mxCell><mxCell id="192" style="attribute;attributeLabelBottom" parent="1" vertex="1" connectable="0"><ErAttribute name="zkušenosti od (rok)" as="value"><ErAttributeGBHandler as="erGraphBehaviourHandler"/></ErAttribute><mxGeometry x="775" y="740" width="13" height="13" as="geometry"/></mxCell><mxCell id="193" style="attributeConnector" parent="1" source="192" target="10" edge="1"><ErAttributeConnector as="value"><ErAttributeConnectorGBHandler as="erGraphBehaviourHandler"/></ErAttributeConnector><mxGeometry relative="1" as="geometry"/></mxCell><mxCell id="197" style="attribute;attributeLabelTop" parent="1" vertex="1" connectable="0"><ErAttribute name="země" compositeAttribute="1" compositeAttributeMember="1" as="value"><ErAttributeGBHandler as="erGraphBehaviourHandler"/></ErAttribute><mxGeometry x="98" y="94.12" width="13" height="13" as="geometry"/></mxCell><mxCell id="198" style="attributeConnector" parent="1" source="197" target="45" edge="1"><ErAttributeConnector as="value"><ErAttributeConnectorGBHandler as="erGraphBehaviourHandler"/></ErAttributeConnector><mxGeometry relative="1" as="geometry"/></mxCell><mxCell id="199" style="attribute;attributeLabelBottom" parent="1" vertex="1" connectable="0"><ErAttribute name="město" compositeAttribute="1" compositeAttributeMember="1" as="value"><ErAttributeGBHandler as="erGraphBehaviourHandler"/></ErAttribute><mxGeometry x="92" y="129" width="13" height="13" as="geometry"/></mxCell><mxCell id="200" style="attributeConnector" parent="1" source="199" target="45" edge="1"><ErAttributeConnector as="value"><ErAttributeConnectorGBHandler as="erGraphBehaviourHandler"/></ErAttributeConnector><mxGeometry relative="1" as="geometry"/></mxCell><mxCell id="229" style="attribute;attributeLabelTop" parent="1" vertex="1" connectable="0"><ErAttribute name="strategie" multivalued="1" cardinalityMin="1" cardinalityMax="N" as="value"><ErAttributeGBHandler as="erGraphBehaviourHandler"/></ErAttribute><mxGeometry x="471" y="629" width="13" height="13" as="geometry"/></mxCell><mxCell id="230" style="attributeConnector" parent="1" source="229" target="9" edge="1"><ErAttributeConnector as="value"><ErAttributeConnectorGBHandler as="erGraphBehaviourHandler"/></ErAttributeConnector><mxGeometry relative="1" as="geometry"/></mxCell><mxCell id="244" style="attribute;attributeLabelTop" vertex="1" connectable="0" parent="1"><ErAttribute name="typ" as="value"><ErAttributeGBHandler as="erGraphBehaviourHandler"/></ErAttribute><mxGeometry x="744" y="98.7" width="13" height="13" as="geometry"/></mxCell><mxCell id="245" style="attributeConnector" edge="1" parent="1" source="244" target="8"><ErAttributeConnector as="value"><ErAttributeConnectorGBHandler as="erGraphBehaviourHandler"/></ErAttributeConnector><mxGeometry relative="1" as="geometry"/></mxCell><mxCell id="246" style="attribute;attributeLabelTop" vertex="1" connectable="0" parent="1"><ErAttribute name="datum udělení (dd.mm.rrrr)" as="value"><ErAttributeGBHandler as="erGraphBehaviourHandler"/></ErAttribute><mxGeometry x="590.27" y="85.7" width="13" height="13" as="geometry"/></mxCell><mxCell id="247" style="attributeConnector" edge="1" parent="1" source="246" target="8"><ErAttributeConnector as="value"><ErAttributeConnectorGBHandler as="erGraphBehaviourHandler"/></ErAttributeConnector><mxGeometry relative="1" as="geometry"/></mxCell><mxCell id="248" style="compositeIdentifier" vertex="1" connectable="0" parent="1"><ErCompositeIdentifier as="value"><ErCompositeIdentifierGBHandler as="erGraphBehaviourHandler"/></ErCompositeIdentifier><mxGeometry as="geometry"><mxPoint x="601.4530081260162" y="109.27267689177313" as="sourcePoint"/><mxPoint x="700.4673576469611" y="109.27267689177313" as="targetPoint"/><Array as="points"><mxPoint x="616.4530081260162" y="109.27267689177313"/><mxPoint x="685.4673576469611" y="109.27267689177313"/></Array></mxGeometry></mxCell><mxCell id="249" edge="1" parent="1" source="248" target="8" visible="0"><ErCompositeIdentifierConnector as="value"><ErCompositeIdentifierConnectorGBHandler as="erGraphBehaviourHandler"/></ErCompositeIdentifierConnector><mxGeometry relative="1" as="geometry"/></mxCell><mxCell id="250" edge="1" parent="1" source="248" target="19" visible="0"><ErCompositeIdentifierMember as="value"><ErCompositeIdentifierMemberGBHandler as="erGraphBehaviourHandler"/></ErCompositeIdentifierMember><mxGeometry relative="1" as="geometry"/></mxCell><mxCell id="251" style="intersectionPoint" vertex="1" connectable="0" parent="1"><ErCompositeIdentifierIntersectionPoint as="value"><ErCompositeIdentifierIPointGBHandler as="erGraphBehaviourHandler"/></ErCompositeIdentifierIntersectionPoint><mxGeometry x="683.4673576469611" y="107.27267689177313" width="4" height="4" as="geometry"/></mxCell><mxCell id="252" edge="1" parent="1" source="248" target="251" visible="0"><ErCompositeIdentifierIntersectionPointConnector as="value"><ErCompositeIdentifierIPointConnectorGBHandler as="erGraphBehaviourHandler"/></ErCompositeIdentifierIntersectionPointConnector><mxGeometry relative="1" as="geometry"/></mxCell><mxCell id="253" edge="1" parent="1" source="248" target="247" visible="0"><ErCompositeIdentifierMember as="value"><ErCompositeIdentifierMemberGBHandler as="erGraphBehaviourHandler"/></ErCompositeIdentifierMember><mxGeometry relative="1" as="geometry"/></mxCell><mxCell id="254" style="intersectionPoint" vertex="1" connectable="0" parent="1"><ErCompositeIdentifierIntersectionPoint as="value"><ErCompositeIdentifierIPointGBHandler as="erGraphBehaviourHandler"/></ErCompositeIdentifierIntersectionPoint><mxGeometry x="614.4530081260162" y="107.27267689177313" width="4" height="4" as="geometry"/></mxCell><mxCell id="255" edge="1" parent="1" source="248" target="254" visible="0"><ErCompositeIdentifierIntersectionPointConnector as="value"><ErCompositeIdentifierIPointConnectorGBHandler as="erGraphBehaviourHandler"/></ErCompositeIdentifierIntersectionPointConnector><mxGeometry relative="1" as="geometry"/></mxCell><mxCell id="272" style="attribute;attributeIdentifier;attributeLabelTop" vertex="1" connectable="0" parent="1"><ErAttribute name="číslo smlouvy" simpleIdentifier="1" as="value"><ErAttributeGBHandler as="erGraphBehaviourHandler"/></ErAttribute><mxGeometry x="498" y="546" width="13" height="13" as="geometry"/></mxCell><mxCell id="273" style="attributeConnector" edge="1" parent="1" source="272" target="5"><ErAttributeConnector as="value"><ErAttributeConnectorGBHandler as="erGraphBehaviourHandler"/></ErAttributeConnector><mxGeometry relative="1" as="geometry"/></mxCell><mxCell id="288" style="compositeIdentifier" vertex="1" connectable="0" parent="1"><ErCompositeIdentifier as="value"><ErCompositeIdentifierGBHandler as="erGraphBehaviourHandler"/></ErCompositeIdentifier><mxGeometry as="geometry"><mxPoint x="689.9999999999999" y="551.207562953596" as="sourcePoint"/><mxPoint x="689.9999999999999" y="593.8930272431257" as="targetPoint"/><Array as="points"><mxPoint x="689.9999999999999" y="566.207562953596"/><mxPoint x="689.9999999999999" y="578.8930272431257"/></Array></mxGeometry></mxCell><mxCell id="289" edge="1" parent="1" source="288" target="5" visible="0"><ErCompositeIdentifierConnector as="value"><ErCompositeIdentifierConnectorGBHandler as="erGraphBehaviourHandler"/></ErCompositeIdentifierConnector><mxGeometry relative="1" as="geometry"/></mxCell><mxCell id="290" edge="1" parent="1" source="288" target="157" visible="0"><ErCompositeIdentifierMember as="value"><ErCompositeIdentifierMemberGBHandler as="erGraphBehaviourHandler"/></ErCompositeIdentifierMember><mxGeometry relative="1" as="geometry"/></mxCell><mxCell id="291" style="intersectionPoint" vertex="1" connectable="0" parent="1"><ErCompositeIdentifierIntersectionPoint as="value"><ErCompositeIdentifierIPointGBHandler as="erGraphBehaviourHandler"/></ErCompositeIdentifierIntersectionPoint><mxGeometry x="687.9999999999999" y="564.207562953596" width="4" height="4" as="geometry"/></mxCell><mxCell id="292" edge="1" parent="1" source="288" target="291" visible="0"><ErCompositeIdentifierIntersectionPointConnector as="value"><ErCompositeIdentifierIPointConnectorGBHandler as="erGraphBehaviourHandler"/></ErCompositeIdentifierIntersectionPointConnector><mxGeometry relative="1" as="geometry"/></mxCell><mxCell id="293" edge="1" parent="1" source="288" target="159" visible="0"><ErCompositeIdentifierMember as="value"><ErCompositeIdentifierMemberGBHandler as="erGraphBehaviourHandler"/></ErCompositeIdentifierMember><mxGeometry relative="1" as="geometry"/></mxCell><mxCell id="294" style="intersectionPoint" vertex="1" connectable="0" parent="1"><ErCompositeIdentifierIntersectionPoint as="value"><ErCompositeIdentifierIPointGBHandler as="erGraphBehaviourHandler"/></ErCompositeIdentifierIntersectionPoint><mxGeometry x="687.9999999999999" y="576.8930272431257" width="4" height="4" as="geometry"/></mxCell><mxCell id="295" edge="1" parent="1" source="288" target="294" visible="0"><ErCompositeIdentifierIntersectionPointConnector as="value"><ErCompositeIdentifierIPointConnectorGBHandler as="erGraphBehaviourHandler"/></ErCompositeIdentifierIntersectionPointConnector><mxGeometry relative="1" as="geometry"/></mxCell></root></mxGraphModel>